id;nombre;email;telefono
1;than mild whoever;Gerardo.RoqueCepeda52@yahoo.com;chunder impinge under
2;past;Marilu_MonroyBaeza@yahoo.com;shot as dearly
3;hmph pastel;MariadelCarmen_RomeroMatias91@gmail.com;onto whether
4;hyacinth now hoof;Ester.CarreonGiron@gmail.com;somber tambourine
5;persecute provided animal;Miguel14@gmail.com;smart pish
6;or colossal absolute;Mayte.AlvarezVela13@gmail.com;approach identification
7;hot safeguard;Ramon.BorregoMena@hotmail.com;sick rate
8;amid elegantly;Lucia82@hotmail.com;till
9;alongside whenever recipe;Cristina.RobledoVelazquez15@hotmail.com;unlike considering yowza
10;duh ready;Sofia12@gmail.com;airline arbitrate
