id;nombre;archivo;descripcion
1;alphabetize;cleverly outlying;../fake-data/blob/hipster.txt
2;wrought up;emergence;../fake-data/blob/hipster.txt
3;aw upward;atrium;../fake-data/blob/hipster.txt
4;mislay well-off;sheepishly;../fake-data/blob/hipster.txt
5;yearningly;feedback lobster;../fake-data/blob/hipster.txt
6;slowly comfortable jagged;stealthily;../fake-data/blob/hipster.txt
7;sophisticated beyond emancipate;coaxingly perfectly;../fake-data/blob/hipster.txt
8;willing;orderly;../fake-data/blob/hipster.txt
9;gah as while;throughout;../fake-data/blob/hipster.txt
10;brick where;physically serious;../fake-data/blob/hipster.txt
